date,total_house_usage,Temperature,Humidity,Visibility,Pressure,Wind speed,Wind bearing,Percipitation intensity,Cloud cover,Summary,Month,Day,Weekday,is_weekend,Quarter,Season,is_holiday,total_house_usage_log
2016-01-01,1274.22516099,34.77827777777778,0.6314166666666666,9.774444444444445,1014.5714305555556,7.473833333333333,265.53472222222223,8.861111111111113e-05,0.5725,Clear,1,1,Friday,0,1,Winter,1,7.15087803885604
2016-01-02,1348.993491117,31.89211111111111,0.5734027777777778,9.988722222222222,1014.2665694444444,7.854611111111111,253.3736111111111,0.0,0.2662083333333334,Clear,1,2,Saturday,1,1,Winter,0,7.207855050026037
2016-01-03,1239.120974342,32.86729166666667,0.6462222222222223,9.93501388888889,1009.1187916666668,7.565541666666666,236.9361111111111,0.0,0.141875,Clear,1,3,Sunday,1,1,Winter,0,7.1229642137936455
2016-01-04,1287.697179332,17.488222222222223,0.5601111111111111,9.870041666666667,1020.457902777778,12.302555555555555,311.8666666666667,0.0,0.1305277777777777,Clear,1,4,Monday,0,1,Winter,0,7.161387048521871
2016-01-05,1232.771560445,12.437458333333332,0.5732222222222223,9.986958333333332,1035.298125,4.856055555555556,293.0736111111111,0.0,0.0021666666666666,Clear,1,5,Tuesday,0,1,Winter,0,7.1178310661329895
2016-01-06,1135.146044927,21.518944444444443,0.5678611111111111,9.905902777777778,1030.96325,3.938305555555555,208.04861111111111,0.0,0.0104722222222222,Clear,1,6,Wednesday,0,1,Winter,0,7.035397151693058
2016-01-07,1171.982743883,23.577555555555556,0.6306388888888889,9.953319444444444,1025.506347222222,2.8587222222222226,100.99027777777778,0.0,0.01375,Clear,1,7,Thursday,0,1,Winter,0,7.06730513744808
2016-01-08,1206.693307978,32.93134722222222,0.7286527777777778,9.654083333333334,1024.2745555555557,4.861152777777778,43.50277777777778,0.0,0.2848055555555555,Clear,1,8,Friday,0,1,Winter,0,7.096467462136558
2016-01-09,1084.031214289,38.60738888888889,0.810875,8.814666666666668,1021.1263611111112,4.596708333333334,62.60138888888889,0.0006640277777777,0.5186111111111111,Clear,1,9,Saturday,1,1,Winter,0,6.989364034490696
2016-01-10,1062.389728531,43.847347222222226,0.7610972222222222,7.748625,999.0653055555556,9.96251388888889,203.0611111111111,0.0243525,0.4871527777777777,Clear,1,10,Sunday,1,1,Winter,0,6.969216941940459
2016-01-11,1239.166193339,23.497555555555557,0.5106944444444445,9.990833333333333,1014.8777638888888,8.573569444444445,244.89583333333337,0.0,0.0966388888888888,Clear,1,11,Monday,0,1,Winter,0,7.123000676504573
2016-01-12,1174.511925542,26.743333333333336,0.6538333333333333,8.044569444444445,1006.4088333333332,8.87476388888889,216.65694444444443,0.0009626388888888,0.237,Clear,1,12,Tuesday,0,1,Winter,0,7.069459013009054
2016-01-13,1316.632305937,19.468722222222222,0.5745,9.417902777777778,1012.5126805555556,8.959958333333333,253.67916666666667,0.0,0.1649583333333333,Clear,1,13,Wednesday,0,1,Winter,0,7.183591697337137
2016-01-14,1218.005856289,26.101000000000003,0.6705416666666667,9.975444444444443,1013.8273333333334,4.002736111111111,180.9125,0.0,0.2714027777777777,Clear,1,14,Thursday,0,1,Winter,0,7.105790933644465
2016-01-15,966.814346413,36.28576388888889,0.779,8.06,1004.0200138888888,4.773458333333333,89.95694444444445,0.0090593055555555,0.4790416666666667,Clear,1,15,Friday,0,1,Winter,0,6.87504027798669
2016-01-16,1155.036140214,35.060375,0.7154722222222222,9.907194444444444,1006.1744722222222,6.541124999999999,283.2888888888889,0.0002086111111111,0.2609583333333333,Clear,1,16,Saturday,1,1,Winter,0,7.05275231190454
2016-01-17,1255.657924922,26.393625,0.6291388888888889,8.789569444444444,1005.4143055555556,8.485402777777777,216.61111111111111,0.0003947222222222,0.3168611111111111,Clear,1,17,Sunday,1,1,Winter,0,7.136211035454261
2016-01-18,1490.849040295,18.06105555555556,0.4945277777777778,9.259291666666668,1009.5645,16.695888888888888,289.3208333333333,0.0,0.1330416666666666,Clear,1,18,Monday,0,1,Winter,1,7.307771596217779
2016-01-19,1589.580204385,22.187708333333333,0.529125,9.868375,1017.1771527777778,13.793222222222225,304.02777777777777,0.0,0.0586944444444444,Clear,1,19,Tuesday,0,1,Winter,0,7.371854137069632
2016-01-20,1161.171926767,24.203013888888886,0.5366111111111111,10.0,1018.3489166666666,8.19061111111111,302.3625,0.0,0.0872638888888888,Clear,1,20,Wednesday,0,1,Winter,0,7.058045884098015
2016-01-21,1187.183192952,21.398722222222226,0.4897916666666666,10.0,1022.815875,8.930777777777777,250.38194444444449,0.0,0.0154444444444444,Clear,1,21,Thursday,0,1,Winter,0,7.080180690856106
2016-01-22,1146.347759964,23.366416666666662,0.5343333333333333,9.326291666666666,1016.7804027777778,10.648708333333332,24.968055555555555,0.0001298611111111,0.1094166666666666,Clear,1,22,Friday,0,1,Winter,0,7.04520826207778
2016-01-23,1439.667608491,23.756486111111112,0.4785833333333333,9.351791666666667,1011.3816666666668,9.94138888888889,209.40694444444443,0.00043,0.0668472222222222,Clear,1,23,Saturday,1,1,Winter,0,7.272861902140526
2016-01-24,1129.986829204,27.414833333333338,0.5498194444444444,9.993152777777777,1021.9895277777778,4.445694444444444,244.52083333333337,0.0,0.0999444444444444,Clear,1,24,Sunday,1,1,Winter,0,7.0308458307821775
2016-01-25,1190.565960423,34.08577777777778,0.6924027777777778,9.785319444444443,1017.6386944444444,7.256305555555556,188.0222222222222,4.027777777777778e-05,0.0701805555555555,Clear,1,25,Monday,0,1,Winter,0,7.08302365415299
2016-01-26,1062.799947148,38.409013888888886,0.5686944444444444,10.0,1014.4768194444446,9.395777777777775,280.2375,0.0,0.198375,Clear,1,26,Tuesday,0,1,Winter,0,6.969602632625945
2016-01-27,930.933130655,28.935666666666663,0.6556111111111111,9.993152777777777,1014.0264166666668,5.987388888888889,203.97222222222223,0.0,0.0612916666666666,Clear,1,27,Wednesday,0,1,Winter,0,6.837261063887316
2016-01-28,1049.022244257,31.729819444444445,0.7128611111111111,9.150944444444445,1000.2717083333332,5.899152777777778,262.8652777777778,0.0001248611111111,0.2526805555555556,Clear,1,28,Thursday,0,1,Winter,0,6.956566627933837
2016-01-29,1121.633926667,30.711097222222225,0.598111111111111,10.0,1013.729763888889,8.343152777777778,243.15277777777777,0.0,0.0861805555555555,Clear,1,29,Friday,0,1,Winter,0,7.023432923561326
2016-01-30,1015.83910984,40.73733333333333,0.5409027777777777,9.994111111111112,1011.2838472222222,6.737444444444445,183.15972222222223,0.0,0.0672638888888888,Clear,1,30,Saturday,1,1,Winter,0,6.924454182786206
2016-01-31,1076.144393681,43.48008333333333,0.6300416666666666,9.895930555555555,1009.8908888888888,8.351208333333334,266.4916666666667,0.0,0.0693888888888888,Clear,1,31,Sunday,1,1,Winter,0,6.982068738439968
2016-02-01,893.5132824679999,34.76572222222222,0.6404583333333334,10.0,1025.250736111111,3.97175,240.69444444444449,0.0,0.0486249999999999,Clear,2,1,Monday,0,1,Winter,0,6.7962797518804505
2016-02-02,885.200596176,45.76330555555556,0.8445138888888888,7.930305555555555,1016.822,7.820430555555555,162.05416666666667,0.0210280555555555,0.5324861111111111,Light Rain,2,2,Tuesday,0,1,Winter,0,6.78694333149818
2016-02-03,780.336166388,44.70005555555556,0.6323472222222223,9.756180555555556,1016.0219722222222,7.797152777777778,306.56388888888887,0.00067625,0.4153611111111111,Clear,2,3,Wednesday,0,1,Winter,0,6.661005487945428
2016-02-04,804.700478282,28.40948611111111,0.7033611111111111,7.257027777777777,1020.9659861111112,8.553833333333333,295.13194444444446,0.0040613888888888,0.3418472222222222,Clear,2,4,Thursday,0,1,Winter,0,6.69171205840591
2016-02-05,1022.953594126,27.32955555555555,0.6860138888888889,9.473444444444445,1025.1791527777775,6.054625,199.725,0.0,0.0455,Clear,2,5,Friday,0,1,Winter,0,6.931426486336223
2016-02-06,875.168195119,32.904555555555554,0.6387222222222222,9.676708333333334,1017.693263888889,5.030569444444445,107.46805555555557,0.0,0.06525,Clear,2,6,Saturday,1,1,Winter,0,6.775558076066569
2016-02-07,1029.05177574,22.779263888888888,0.730625,4.986888888888889,1008.836027777778,8.258083333333333,38.6125,0.0029386111111111,0.4038472222222222,Light Snow,2,7,Sunday,1,1,Winter,0,6.937364347669041
2016-02-08,1308.503392059,23.44770833333333,0.7804305555555555,8.376652777777776,1002.784375,2.480583333333333,130.9763888888889,0.0013147222222222,0.1761666666666666,Clear,2,8,Monday,0,1,Winter,0,7.177403254291109
2016-02-09,1181.806412046,27.513111111111108,0.7213611111111111,7.844819444444445,1003.8561111111112,5.9797777777777785,265.36944444444447,0.0014056944444444,0.2643055555555555,Clear,2,9,Tuesday,0,1,Winter,0,7.075645209037352
2016-02-10,999.768061194,11.755291666666666,0.5348611111111111,9.584541666666668,1016.2427638888888,11.804555555555556,281.1013888888889,0.0,0.1616666666666666,Clear,2,10,Wednesday,0,1,Winter,0,6.908523045368082
2016-02-11,1365.207454583,15.467569444444443,0.5740138888888889,9.859430555555557,1014.5379861111112,6.322916666666667,224.92222222222225,0.0,0.1209305555555555,Clear,2,11,Thursday,0,1,Winter,0,7.2197938987189625
2016-02-12,1468.641074497,-2.379388888888889,0.4225138888888888,9.764375,1023.7710694444444,14.106527777777778,310.4861111111111,0.0,0.073375,Clear,2,12,Friday,0,1,Winter,0,7.292773482950321
2016-02-13,1756.874303352,-0.9525,0.5270972222222222,9.853791666666668,1034.0785,4.370138888888889,239.67916666666667,0.0,0.0092638888888888,Clear,2,13,Saturday,1,1,Winter,0,7.471860575889117
2016-02-14,1513.120389006,24.674125,0.8277083333333334,4.454944444444444,1022.2782916666666,4.394111111111111,80.10416666666667,0.0078304166666666,0.772986111111111,Snow,2,14,Sunday,1,1,Winter,0,7.322589948013086
2016-02-15,1655.321019618,39.37226388888889,0.7534722222222222,8.742138888888888,1006.0172638888888,11.23048611111111,263.61805555555554,0.0175405555555555,0.4237222222222222,Clear,2,15,Monday,0,1,Winter,1,7.41235416858458
2016-02-16,1174.058197213,29.48280555555555,0.5743888888888888,9.979861111111113,1022.7366805555556,9.369680555555556,304.90694444444443,0.0,0.1090972222222222,Clear,2,16,Tuesday,0,1,Winter,0,7.069072954894691
2016-02-17,1204.034411645,22.64519444444445,0.458875,10.0,1033.4327777777778,6.050222222222222,281.59166666666664,0.0,0.0115972222222222,Clear,2,17,Wednesday,0,1,Winter,0,7.094263402898744
2016-02-18,1148.339807578,40.44954166666667,0.5696111111111111,9.814319444444443,1017.3095555555556,10.694875,189.13194444444449,0.00141375,0.4400833333333333,Clear,2,18,Thursday,0,1,Winter,0,7.046942976143112
2016-02-19,1147.559898902,47.084402777777775,0.5422222222222222,9.99838888888889,1009.7528472222224,8.706402777777777,256.62083333333334,0.0,0.127625,Clear,2,19,Friday,0,1,Winter,0,7.046264174797912
2016-02-20,1111.818531353,38.19820833333333,0.5805972222222222,9.987111111111112,1017.3347777777778,6.412111111111112,323.19166666666666,0.0,0.1387777777777777,Clear,2,20,Saturday,1,1,Winter,0,7.014651293375859
2016-02-21,1077.066329795,29.59775,0.5522777777777778,9.610319444444444,1027.8607916666667,5.6979999999999995,80.71388888888889,0.0003411111111111,0.0904722222222222,Clear,2,21,Sunday,1,1,Winter,0,6.982924279998102
2016-02-22,1315.479208327,34.46829166666667,0.8883472222222223,4.475444444444444,1019.1699305555557,6.806791666666667,36.25555555555555,0.0249019444444444,1.0,Light Rain,2,22,Monday,0,1,Winter,0,7.182716185668468
2016-02-23,1019.722723201,50.77384722222222,0.8221944444444444,8.103777777777777,991.3573611111112,11.850138888888887,193.75,0.0330208333333333,0.6904305555555555,Light Rain,2,23,Tuesday,0,1,Winter,0,6.928266207531592
2016-02-24,1112.242306943,30.60851388888889,0.5243333333333333,9.489875,1004.7047222222222,15.56211111111111,289.73333333333335,0.0005577777777777,0.2020416666666666,Clear,2,24,Wednesday,0,1,Winter,0,7.015032033729248
2016-02-25,732.693594257,27.102736111111113,0.5072222222222222,9.964152777777777,1016.1573611111112,7.961805555555555,249.21944444444443,0.0,0.0335833333333333,Clear,2,25,Thursday,0,1,Winter,0,6.598091494943114
2016-02-26,1324.725694493,42.61394444444444,0.4870555555555556,10.0,1010.202,8.739305555555555,197.86388888888888,0.0,0.0348888888888888,Clear,2,26,Friday,0,1,Winter,0,7.189715282447709
2016-02-27,1066.390810676,43.56459722222222,0.6525694444444444,9.861444444444444,1003.4787638888888,8.587722222222222,224.625,0.0015627777777777,0.1305,Clear,2,27,Saturday,1,1,Winter,0,6.972972454790273
2016-02-28,958.538160603,35.486986111111115,0.4015833333333333,9.863111111111111,1016.6028333333334,7.987138888888889,218.34444444444443,0.0019723611111111,0.074375,Clear,2,28,Sunday,1,1,Winter,0,6.866452085999262
2016-02-29,805.687046874,33.13243055555555,0.6527777777777778,8.81013888888889,1006.0565694444444,12.343194444444444,258.21666666666664,0.0123504166666666,0.4269305555555555,Clear,2,29,Monday,0,1,Winter,0,6.69293579488331
2016-03-01,853.820479342,24.095680555555553,0.4431666666666666,9.980263888888889,1022.6864305555556,7.324833333333333,252.825,0.0,0.0756944444444444,Clear,3,1,Tuesday,0,1,Spring,0,6.750891481209009
2016-03-02,893.845350125,27.53820833333333,0.613375,9.22425,1020.6191805555555,8.072902777777777,39.83055555555555,7.652777777777778e-05,0.2059722222222222,Clear,3,2,Wednesday,0,1,Spring,0,6.7966509101879735
2016-03-03,990.789143511,27.81556944444444,0.4465555555555555,9.99275,1021.9038472222222,4.774791666666666,242.38333333333333,0.0,0.1347777777777777,Clear,3,3,Thursday,0,1,Spring,0,6.899510527746887
2016-03-04,898.351778726,30.342291666666668,0.5090694444444445,9.996833333333331,1024.7332638888888,3.461055555555556,202.27916666666667,0.0,0.0540694444444444,Clear,3,4,Friday,0,1,Spring,0,6.801674257962651
2016-03-05,732.921595816,40.655375,0.6320277777777777,9.629194444444444,1018.5235972222222,6.345263888888889,223.38055555555556,0.0,0.1821666666666666,Clear,3,5,Saturday,1,1,Spring,0,6.598402205219727
2016-03-06,817.904400629,47.082541666666664,0.6445000000000001,9.54265277777778,1020.1611527777778,4.633388888888889,187.35416666666663,0.0006202777777777,0.1204861111111111,Clear,3,6,Sunday,1,1,Spring,0,6.707967350091231
2016-03-07,950.42572832,62.03023611111111,0.4874305555555555,9.695333333333334,1014.97375,6.954680555555555,211.6486111111111,0.0,0.0834861111111111,Clear,3,7,Monday,0,1,Spring,0,6.857961626222404
2016-03-08,680.881351624,58.39201388888889,0.7888333333333334,8.897666666666666,1012.6472083333332,5.131583333333333,256.40555555555557,0.0073265277777777,0.6045138888888889,Light Rain,3,8,Tuesday,0,1,Spring,0,6.524855671482906
2016-03-09,648.754770495,42.96005555555555,0.6579027777777777,9.975916666666668,1024.0272777777775,8.030750000000001,300.87638888888887,0.0,0.0748194444444444,Clear,3,9,Wednesday,0,1,Spring,0,6.476595015541588
2016-03-10,631.328255103,50.345819444444444,0.4730833333333333,10.0,1016.9169583333332,8.835930555555555,231.6375,0.0,0.0205,Clear,3,10,Thursday,0,1,Spring,0,6.449408650295806
2016-03-11,597.984523329,50.33930555555556,0.3659444444444444,9.81486111111111,1020.2519583333334,6.220583333333333,114.19027777777778,0.0031515277777777,0.0940555555555555,Clear,3,11,Friday,0,1,Spring,0,6.3952357602674645
2016-03-12,745.902850126,39.513152777777776,0.8641527777777779,6.816847222222222,1017.2339722222222,8.839500000000001,50.75277777777778,0.0123272222222222,0.9377083333333333,Light Rain,3,12,Saturday,1,1,Spring,0,6.615935123296294
2016-03-13,747.499652458,45.912708333333335,0.793611111111111,9.261972222222225,1010.0528333333334,7.918236111111112,60.02361111111111,0.0,0.4296805555555555,Clear,3,13,Sunday,1,1,Spring,0,6.618070739541606
2016-03-14,975.707224546,50.71258333333333,0.7658472222222221,7.528972222222221,1009.3506527777778,4.840208333333333,179.21527777777777,0.0076648611111111,0.3534444444444444,Clear,3,14,Monday,0,1,Spring,0,6.8841869393196955
2016-03-15,886.987761167,44.37918055555555,0.6525138888888888,9.881944444444445,1006.2729027777776,8.982694444444444,259.9013888888889,0.00119875,0.1688472222222222,Clear,3,15,Tuesday,0,1,Spring,0,6.788957960427596
2016-03-16,844.575168514,35.481944444444444,0.4794722222222222,9.978277777777777,1015.1208055555556,8.468680555555554,314.94444444444446,0.0004043055555555,0.1101388888888888,Clear,3,16,Wednesday,0,1,Spring,0,6.740017068602147
2016-03-17,739.896398937,31.324833333333338,0.3945833333333333,10.0,1020.977375,6.5836805555555555,139.75694444444446,0.0,0.0641527777777777,Clear,3,17,Thursday,0,1,Spring,0,6.607860803020733
2016-03-18,1034.202809521,35.05329166666667,0.5977083333333334,7.8632638888888895,1011.5706944444444,6.055194444444444,192.86666666666667,0.0014056944444444,0.4710416666666667,Clear,3,18,Friday,0,1,Spring,0,6.942352637731554
2016-03-19,978.698919833,37.49559722222222,0.4401388888888888,9.900513888888888,1015.0622222222224,11.66301388888889,277.61805555555554,0.0,0.121875,Clear,3,19,Saturday,1,1,Spring,0,6.88724529980125
2016-03-20,1167.387456297,48.88584722222222,0.5127916666666666,10.0,1013.440722222222,7.577013888888889,221.46805555555557,3.222222222222222e-05,0.1467638888888889,Clear,3,20,Sunday,1,1,Spring,0,7.063379834660853
2016-03-21,1036.364364889,44.068736111111114,0.5616388888888889,9.978833333333334,1019.4802083333332,8.280902777777778,71.17083333333333,3.222222222222222e-05,0.1089444444444444,Clear,3,21,Monday,0,1,Spring,0,6.944438510921489
2016-03-22,957.928896926,43.00129166666667,0.8518333333333334,6.277347222222222,1009.95575,5.755583333333334,135.68333333333334,0.0041405555555555,0.7017638888888889,Clear,3,22,Tuesday,0,1,Spring,0,6.865816929200409
2016-03-23,918.265461234,40.844166666666666,0.6095138888888889,10.0,1023.60125,6.984236111111111,171.6,0.0,0.1965416666666666,Clear,3,23,Wednesday,0,1,Spring,0,6.823574939440535
2016-03-24,812.548482395,41.628791666666665,0.7157361111111111,9.99838888888889,1027.6307222222222,5.237791666666666,169.1013888888889,0.0,0.0835694444444444,Clear,3,24,Thursday,0,1,Spring,0,6.701405522172735
2016-03-25,896.540431562,41.39711111111111,0.8306805555555556,7.680402777777778,1008.0595138888888,5.482694444444444,147.71527777777777,0.0172711111111111,0.6940416666666667,Clear,3,25,Friday,0,1,Spring,0,6.799658168441904
2016-03-26,1131.511524661,41.69313888888889,0.5085694444444445,9.990736111111111,1009.5534722222222,16.97884722222222,302.7361111111111,0.0003463888888888,0.2111805555555555,Clear,3,26,Saturday,1,1,Spring,0,7.032193033606514
2016-03-27,847.955729807,41.254958333333335,0.4520138888888889,10.0,1023.3766388888888,8.148472222222223,225.34305555555557,0.0,0.0213472222222222,Clear,3,27,Sunday,1,1,Spring,0,6.744007041026011
2016-03-28,975.812431887,57.20901388888888,0.5686111111111111,9.991666666666667,1012.1956805555556,14.341499999999998,190.7722222222222,8.999999999999999e-05,0.1146527777777777,Clear,3,28,Monday,0,1,Spring,0,6.884294649872548
2016-03-29,1083.632632309,60.92216666666666,0.7498055555555556,9.507277777777777,1001.5073333333332,10.811111111111112,221.6611111111111,0.0039297222222222,0.2792361111111111,Partly Cloudy,3,29,Tuesday,0,1,Spring,0,6.988996620907151
2016-03-30,910.505818485,43.480583333333335,0.7816527777777778,8.792638888888888,997.6214583333332,4.195361111111111,225.65,0.0068445833333333,0.3174444444444445,Clear,3,30,Wednesday,0,1,Spring,0,6.815097977515787
2016-03-31,902.088551137,29.750291666666666,0.5684027777777778,8.17463888888889,1006.4940277777775,13.413083333333333,295.2402777777778,0.0044775,0.2206944444444444,Clear,3,31,Thursday,0,1,Spring,0,6.805820611883737
2016-04-01,697.932736899,24.11302777777778,0.7898194444444444,5.9530972222222225,1016.3419027777778,7.641166666666667,123.65694444444443,0.00489375,0.6494861111111111,Light Snow,4,1,Friday,0,2,Spring,0,6.549554509991333
2016-04-02,760.108635299,25.78891666666667,0.4561527777777778,9.994763888888889,1026.231513888889,8.39038888888889,195.82638888888889,0.0,0.0215,Clear,4,2,Saturday,1,2,Spring,0,6.634776101022936
2016-04-03,1270.491893495,36.78259722222222,0.5515694444444444,9.989527777777775,1020.1368333333334,9.042694444444445,189.12777777777777,0.0,0.152,Clear,4,3,Sunday,1,2,Spring,0,7.147946209297218
2016-04-04,1337.222927876,49.162375,0.837375,8.459541666666667,998.549902777778,10.125930555555556,190.44305555555556,0.0133238888888888,0.2737777777777778,Clear,4,4,Monday,0,2,Spring,0,7.199097839572141
2016-04-05,1027.479493742,36.979625,0.6183194444444444,9.852819444444444,1004.0749583333333,8.710875,260.65555555555557,0.0008015277777777,0.3452916666666666,Clear,4,5,Tuesday,0,2,Spring,0,6.9358367708699395
2016-04-06,949.44334936,37.12733333333333,0.4405833333333334,10.0,1012.6108611111111,8.061472222222223,254.625,0.0,0.1340138888888888,Clear,4,6,Wednesday,0,2,Spring,0,6.856928559268535
2016-04-07,803.0526789520001,41.24476388888889,0.4379861111111111,9.963222222222225,1024.1515416666666,9.158125,225.05138888888888,0.0009943055555555,0.3948611111111111,Clear,4,7,Thursday,0,2,Spring,0,6.689664788117131
2016-04-08,792.457315313,50.59215277777778,0.7268333333333334,9.049152777777778,1016.1660416666668,10.557486111111112,190.0125,0.0091472222222222,0.5355972222222222,Clear,4,8,Friday,0,2,Spring,0,6.676399745593296
2016-04-09,1084.837974928,40.45323611111111,0.6167083333333333,9.92026388888889,1023.65775,7.645708333333333,291.96805555555557,0.0012208333333333,0.1738194444444444,Clear,4,9,Saturday,1,2,Spring,0,6.9901072950060215
2016-04-10,1025.102114267,43.88905555555555,0.4734444444444444,9.99838888888889,1027.7031944444443,5.245277777777778,99.03472222222224,0.0,0.0620694444444444,Clear,4,10,Sunday,1,2,Spring,0,6.933522547354297
2016-04-11,1034.392227498,44.458222222222226,0.4612222222222222,9.955291666666668,1029.0672361111112,5.26875,113.0125,0.0,0.0082499999999999,Clear,4,11,Monday,0,2,Spring,0,6.942535597677021
2016-04-12,683.476633347,47.948249999999994,0.3987222222222222,10.0,1030.541125,5.907,81.6625,0.0,0.0164027777777777,Clear,4,12,Tuesday,0,2,Spring,0,6.5286545073262525
2016-04-13,863.26618313,49.577875,0.4175277777777778,10.0,1030.421263888889,5.208277777777778,87.85138888888889,0.0,0.02225,Clear,4,13,Wednesday,0,2,Spring,0,6.761880803682829
2016-04-14,883.164116192,57.659499999999994,0.44575,9.99838888888889,1023.8485277777776,3.6215277777777777,186.07222222222225,0.0,0.0372083333333333,Clear,4,14,Thursday,0,2,Spring,0,6.784642697207386
2016-04-15,604.287110201,57.84488888888889,0.448875,9.997583333333331,1016.5558055555556,7.839791666666666,187.07361111111112,7.25e-05,0.1978333333333333,Clear,4,15,Friday,0,2,Spring,0,6.405702907777461
2016-04-16,468.601546518,51.87843055555556,0.3106805555555555,10.0,1021.0283472222222,9.304555555555556,261.58194444444445,0.0,0.0341944444444444,Clear,4,16,Saturday,1,2,Spring,0,6.1518845617750735
2016-04-17,763.84985494,52.15595833333334,0.4577083333333333,9.970194444444443,1020.1910416666668,5.762611111111111,214.50972222222225,0.0,0.0238055555555555,Clear,4,17,Sunday,1,2,Spring,0,6.639679546511154
2016-04-18,671.035069202,62.96619444444445,0.55125,9.828083333333334,1012.4777777777778,4.785013888888889,190.96805555555557,0.00554625,0.1755833333333333,Clear,4,18,Monday,0,2,Spring,0,6.510310525473991
2016-04-19,725.016850385,60.00454166666666,0.6924861111111111,8.181388888888888,1009.7877638888888,7.317430555555556,259.6347222222222,0.00206625,0.2519027777777778,Clear,4,19,Tuesday,0,2,Spring,0,6.587573224452145
2016-04-20,521.34042099,48.57326388888889,0.3192777777777777,9.99838888888889,1016.278027777778,7.814013888888889,223.2888888888889,0.0,0.0172361111111111,Clear,4,20,Wednesday,0,2,Spring,0,6.258319522817292
2016-04-21,651.463567097,51.410666666666664,0.3984583333333333,10.0,1015.8919166666668,3.3381944444444445,236.70833333333337,0.0,0.2773055555555555,Clear,4,21,Thursday,0,2,Spring,0,6.4807553017713015
2016-04-22,675.793340203,44.423902777777776,0.7137083333333334,8.893569444444445,1009.6149305555556,5.611305555555555,47.66388888888889,0.0089134722222222,0.695861111111111,Clear,4,22,Friday,0,2,Spring,0,6.517365968118008
2016-04-23,644.3241956960001,46.36280555555556,0.5939166666666666,9.084888888888887,1011.8902638888889,4.908805555555555,271.125,0.0,0.1063333333333333,Clear,4,23,Saturday,1,2,Spring,0,6.469752819506182
2016-04-24,706.737216203,47.672138888888895,0.3966111111111111,9.984291666666666,1015.9825833333332,4.832805555555556,234.78472222222223,4.430555555555556e-05,0.0350416666666666,Clear,4,24,Sunday,1,2,Spring,0,6.562072861240394
2016-04-25,841.232576874,49.97054166666667,0.5162916666666667,9.99838888888889,1019.2592916666666,5.412680555555555,144.76944444444445,0.0006806944444444,0.1421666666666666,Clear,4,25,Monday,0,2,Spring,0,6.7360561956660465
2016-04-26,702.699915624,52.78136111111111,0.5469583333333333,9.985097222222224,1021.9503194444444,5.7559861111111115,185.92222222222225,0.0001570833333333,0.2549583333333333,Clear,4,26,Tuesday,0,2,Spring,0,6.556352009069128
2016-04-27,701.021438971,45.07641666666667,0.7296944444444444,8.865972222222222,1021.8434861111112,4.347041666666667,140.36944444444444,0.0031076388888888,0.5967222222222222,Clear,4,27,Wednesday,0,2,Spring,0,6.5539639434042085
2016-04-28,848.27732977,46.575541666666666,0.9105833333333332,6.974638888888888,1014.5930277777776,3.2050694444444447,170.45555555555555,0.0131893055555555,0.7957916666666667,Clear,4,28,Thursday,0,2,Spring,0,6.7443857875885405
2016-04-29,813.920401609,49.20908333333333,0.8799166666666666,8.310513888888888,1011.3192361111112,3.3700416666666664,88.29444444444445,0.0064801388888888,1.0,Clear,4,29,Friday,0,2,Spring,0,6.703090441733733
2016-04-30,740.326906354,46.77415277777778,0.8270833333333333,9.366083333333334,1009.3886527777776,6.9082083333333335,45.22222222222222,0.0030490277777777,1.0,Clear,4,30,Saturday,1,2,Spring,0,6.6084416971782725
2016-05-01,821.705721352,49.08420833333333,0.7692083333333334,9.60536111111111,1006.3634583333334,9.842555555555556,32.076388888888886,0.0006454166666666,0.9611111111111112,Clear,5,1,Sunday,1,2,Spring,0,6.712598568510737
2016-05-02,969.289713338,52.50772222222222,0.8072361111111112,8.78748611111111,1009.605375,6.485166666666666,64.92916666666666,0.0073054166666666,0.6272361111111111,Clear,5,2,Monday,0,2,Spring,0,6.877594700447695
2016-05-03,649.581063815,51.883208333333336,0.8732222222222222,8.486486111111113,1006.9668055555557,4.751277777777778,96.25833333333334,0.0014068055555555,0.7012222222222222,Clear,5,3,Tuesday,0,2,Spring,0,6.4778659078901875
2016-05-04,780.163980796,50.88116666666667,0.6029444444444445,9.367263888888887,1007.3697638888888,10.493347222222225,250.40833333333333,0.0019644444444444,0.294125,Clear,5,4,Wednesday,0,2,Spring,0,6.660785090407537
2016-05-05,832.917018899,50.56341666666667,0.4609444444444444,10.0,1018.0240138888888,9.106097222222225,299.99305555555554,0.0,0.0895555555555555,Clear,5,5,Thursday,0,2,Spring,0,6.7261338996854985
2016-05-06,876.4676998909999,54.52377777777778,0.47675,9.986305555555557,1021.1933472222222,5.129236111111111,252.79305555555555,0.0,0.0272222222222222,Clear,5,6,Friday,0,2,Spring,0,6.777040145421519
2016-05-07,989.525071491,60.61372222222222,0.4272361111111111,10.0,1020.1320416666666,3.1516805555555556,171.88055555555556,0.0,0.0231111111111111,Clear,5,7,Saturday,1,2,Spring,0,6.898235177772832
2016-05-08,953.00779048,64.55319444444444,0.4774583333333333,9.990333333333334,1015.4965555555556,5.178944444444444,178.20277777777778,0.0,0.0868888888888888,Clear,5,8,Sunday,1,2,Spring,0,6.860671837536537
2016-05-09,961.89271797,60.29972222222223,0.8226388888888888,7.183375,1007.9034722222224,4.620875,227.06944444444449,0.0071130555555555,0.4277361111111111,Clear,5,9,Monday,0,2,Spring,0,6.869942001615087
2016-05-10,650.203538357,57.11654166666667,0.5902777777777778,9.780486111111111,1003.0405555555554,11.80165277777778,247.89444444444445,0.0035001388888888,0.2365694444444444,Clear,5,10,Tuesday,0,2,Spring,0,6.47882224826847
2016-05-11,471.205559139,45.36372222222222,0.4733611111111111,10.0,1010.63075,14.022777777777778,278.4611111111111,0.0,0.2514722222222222,Clear,5,11,Wednesday,0,2,Spring,0,6.1574143974304825
2016-05-12,772.092734714,52.98813888888889,0.4884166666666667,9.995569444444444,1018.1127916666666,9.718819444444446,261.81944444444446,0.0,0.1385416666666666,Clear,5,12,Thursday,0,2,Spring,0,6.650399008680409
2016-05-13,800.549798696,56.69291666666667,0.5097777777777778,9.974222222222222,1019.5494444444444,5.777583333333333,178.50416666666666,0.0,0.109375,Clear,5,13,Friday,0,2,Spring,0,6.686547101992241
2016-05-14,393.924842946,58.82015277777778,0.5469166666666666,9.964152777777777,1018.5485277777778,4.01225,195.42361111111111,0.0004080555555555,0.2508333333333333,Clear,5,14,Saturday,1,2,Spring,0,5.97869547577451
2016-05-15,830.368934508,56.80755555555556,0.6736805555555556,8.099291666666666,1021.4745277777778,3.3632361111111115,206.1263888888889,0.0015172222222222,0.150625,Clear,5,15,Sunday,1,2,Spring,0,6.723073660842593
2016-05-16,943.613072921,59.53438888888889,0.5893055555555555,9.745847222222222,1020.338375,4.4875,195.98888888888888,0.0,0.0646805555555555,Clear,5,16,Monday,0,2,Spring,0,6.850775397003133
2016-05-17,694.571685301,60.34330555555555,0.5985972222222222,9.993555555555556,1011.1266527777776,4.176027777777778,173.25972222222222,0.0001288888888888,0.2128194444444444,Clear,5,17,Tuesday,0,2,Spring,0,6.544734076218919
2016-05-18,768.137450366,62.9065,0.6362361111111111,9.006291666666666,1012.0794166666668,4.4215277777777775,63.09444444444444,0.0005558333333333,0.1432638888888888,Clear,5,18,Wednesday,0,2,Spring,0,6.645269692631244
2016-05-19,597.32960476,61.834319444444446,0.7385972222222221,9.615416666666668,1012.3488194444444,5.530180555555556,91.72222222222224,0.0072540277777777,0.4067777777777778,Clear,5,19,Thursday,0,2,Spring,0,6.394141780635968
2016-05-20,617.122145671,66.78747222222222,0.6583194444444445,7.441944444444444,1015.5441805555556,4.995152777777778,237.05,0.0001127777777777,0.13675,Clear,5,20,Friday,0,2,Spring,0,6.42668608464498
2016-05-21,369.299345218,72.49115277777777,0.5920694444444444,9.578416666666667,1017.5395833333332,4.814666666666667,227.68194444444444,0.0,0.0758611111111111,Clear,5,21,Saturday,1,2,Spring,0,5.9143117196706365
2016-05-22,413.768482827,73.66334722222223,0.6381527777777778,9.708277777777775,1017.072125,5.636069444444444,180.74722222222223,0.0011565277777777,0.1295,Clear,5,22,Sunday,1,2,Spring,0,6.027720491855798
2016-05-23,657.496052678,76.46330555555556,0.6789027777777777,9.392194444444444,1018.0556388888888,4.866055555555556,196.26666666666668,0.0006116666666666,0.0709444444444444,Clear,5,23,Monday,0,2,Spring,0,6.48995852675079
2016-05-24,386.436952509,72.43036111111111,0.7381111111111112,9.03977777777778,1019.29,3.8062222222222224,99.66666666666669,0.0002134722222222,0.084375,Clear,5,24,Tuesday,0,2,Spring,0,5.959553132353219
2016-05-25,388.056889077,69.37745833333334,0.8286388888888889,8.278069444444444,1014.3130555555556,5.125125000000001,154.34444444444443,0.0128486111111111,0.3858333333333333,Clear,5,25,Wednesday,0,2,Spring,0,5.963725577339656
2016-05-26,404.887139187,72.14225,0.5922638888888889,9.341305555555556,1013.4881666666666,6.1439305555555555,278.6430555555556,0.0,0.0913055555555555,Clear,5,26,Thursday,0,2,Spring,0,6.006075138659463
2016-05-27,449.374502803,68.41883333333332,0.6070972222222223,9.965569444444444,1019.6427361111112,5.752430555555556,93.39861111111112,0.0,0.1002222222222222,Clear,5,27,Friday,0,2,Spring,0,6.110079465105394
2016-05-28,447.17845199,67.24761111111111,0.6599166666666666,9.684652777777778,1019.7470833333334,6.5525,127.68194444444444,4.25e-05,0.2032361111111111,Clear,5,28,Saturday,1,2,Spring,0,6.1051914834373395
2016-05-29,469.172104979,65.21280555555556,0.8290694444444444,8.850708333333333,1016.6975833333332,5.164625,192.78472222222223,0.0007590277777777,0.4613472222222222,Clear,5,29,Sunday,1,2,Spring,0,6.153098808482658
2016-05-30,455.904833831,71.39006944444444,0.6871527777777777,8.685930555555556,1013.9788472222224,3.4792083333333337,205.32638888888889,0.0005155555555555,0.1492222222222222,Clear,5,30,Monday,0,2,Spring,1,6.124475128139001
2016-05-31,574.870338711,64.40509722222222,0.9105555555555556,7.249583333333333,1005.8943055555555,5.984236111111111,171.21944444444443,0.0223380555555555,0.5331527777777778,Light Rain,5,31,Tuesday,0,2,Spring,0,6.355882528951128
2016-06-01,666.796066436,69.64244444444444,0.6647638888888889,9.700986111111112,1002.4872777777778,5.883875000000001,223.90833333333333,0.0007280555555555,0.1954305555555555,Clear,6,1,Wednesday,0,2,Summer,0,6.503982837159771
2016-06-02,647.596719054,66.83608333333333,0.6471388888888889,9.876291666666669,998.576375,7.389611111111112,275.22222222222223,0.0047094444444444,0.1761111111111111,Clear,6,2,Thursday,0,2,Summer,0,6.474811135355952
2016-06-03,574.491703346,58.36190277777778,0.590375,9.95247222222222,1003.1887361111112,12.482222222222225,289.5597222222222,0.0008699999999999,0.2499722222222222,Clear,6,3,Friday,0,2,Summer,0,6.355224811630565
2016-06-04,1012.97341906,57.750194444444446,0.4995277777777778,10.0,1009.193625,12.38627777777778,296.99583333333334,0.0,0.1319722222222222,Clear,6,4,Saturday,1,2,Summer,0,6.921631969862764
2016-06-05,920.653851614,60.03409722222223,0.5635694444444445,9.950458333333334,1015.2267777777778,6.1786111111111115,246.7888888888889,0.0,0.0703611111111111,Clear,6,5,Sunday,1,2,Summer,0,6.826169720975386
2016-06-06,720.330100169,62.555458333333334,0.8196666666666667,7.285277777777777,1005.8594722222222,5.72125,210.13333333333333,0.0117651388888888,0.3203888888888889,Clear,6,6,Monday,0,2,Summer,0,6.58109686908258
2016-06-07,656.68468693,59.039763888888885,0.580875,10.0,1006.4279861111112,13.68425,314.9166666666667,6.444444444444444e-05,0.2518055555555555,Clear,6,7,Tuesday,0,2,Summer,0,6.4887256172781616
2016-06-08,750.478799992,60.36772222222223,0.6149027777777778,9.98751388888889,1009.3735972222222,10.357513888888889,309.67083333333335,0.0002497222222222,0.1210972222222222,Clear,6,8,Wednesday,0,2,Summer,0,6.6220429985382925
2016-06-09,660.203767588,66.2603888888889,0.5678194444444444,9.981,1012.774125,7.177347222222223,292.00416666666666,0.0,0.0638611111111111,Clear,6,9,Thursday,0,2,Summer,0,6.494062064037108
2016-06-10,643.335583789,70.22070833333333,0.5835972222222222,9.98838888888889,1009.7325972222222,3.827791666666667,154.8388888888889,7.652777777777778e-05,0.083375,Clear,6,10,Friday,0,2,Summer,0,6.468219683222689
2016-06-11,376.689830104,70.37688888888889,0.5301666666666667,9.976236111111112,1010.247625,3.953319444444445,119.76805555555556,0.0,0.1449861111111111,Clear,6,11,Saturday,1,2,Summer,0,5.934073303499404
2016-06-12,382.334378851,68.01022222222223,0.5318333333333334,9.98147222222222,1019.8393888888888,4.196638888888889,187.7375,0.0,0.0999444444444444,Clear,6,12,Sunday,1,2,Summer,0,5.948907660122858
2016-06-13,678.108949573,70.24705555555555,0.5451666666666667,9.993152777777777,1025.0118055555556,5.712958333333333,169.15972222222223,0.0,0.0551944444444444,Clear,6,13,Monday,0,2,Summer,0,6.520781570611911
2016-06-14,565.601890802,71.12341666666667,0.6440277777777778,9.805458333333334,1021.4242222222222,7.366138888888889,185.06805555555556,0.0,0.0597222222222222,Clear,6,14,Tuesday,0,2,Summer,0,6.33965692449286
2016-06-15,584.982156357,73.60697222222221,0.5735694444444445,9.848958333333334,1009.0453611111112,8.585125,237.78333333333333,0.0029483333333333,0.0953611111111111,Clear,6,15,Wednesday,0,2,Summer,0,6.373289339210674
2016-06-16,727.654798689,65.31598611111112,0.5722361111111111,9.971402777777778,1009.3494861111112,6.134861111111111,281.19305555555553,0.0003544444444444,0.1414444444444444,Clear,6,16,Thursday,0,2,Summer,0,6.591200092683677
2016-06-17,726.909727859,65.787875,0.5694305555555556,9.942805555555555,1011.7526805555556,3.158097222222222,214.36944444444444,0.0,0.0965416666666666,Clear,6,17,Friday,0,2,Summer,0,6.590177040314345
2016-06-18,883.765941002,68.41422222222222,0.5635694444444445,9.9135,1016.0536944444444,4.466430555555555,99.81527777777778,0.0,0.0657777777777777,Clear,6,18,Saturday,1,2,Summer,0,6.7853231365845925
2016-06-19,700.502178127,69.45652777777778,0.5760416666666667,9.9125,1021.3158333333332,3.477416666666666,204.53055555555557,0.0,0.0565416666666666,Clear,6,19,Sunday,1,2,Summer,0,6.553224004494217
2016-06-20,609.880517644,71.783,0.5790416666666667,9.957708333333333,1021.6109305555556,6.121013888888889,198.76388888888889,0.0,0.0746944444444444,Clear,6,20,Monday,0,2,Summer,0,6.4149013879113035
2016-06-21,631.232396704,71.68577777777779,0.62075,9.98388888888889,1017.0864583333332,8.933736111111111,183.05416666666667,0.0002497222222222,0.1145138888888888,Clear,6,21,Tuesday,0,2,Summer,0,6.449257042859584
2016-06-22,594.237079262,71.127625,0.8114861111111111,8.964458333333333,1013.7133472222222,7.694722222222222,180.26111111111112,0.0077172222222222,0.4445277777777778,Clear,6,22,Wednesday,0,2,Summer,0,6.388959778725673
2016-06-23,695.339083231,73.05159722222223,0.6788472222222222,9.60125,1011.3199166666666,5.322277777777778,264.0138888888889,0.0020380555555555,0.326,Partly Cloudy,6,23,Thursday,0,2,Summer,0,6.545836730246896
2016-06-24,724.227569413,71.63154166666666,0.5824027777777777,9.929916666666667,1015.10225,5.025194444444444,284.2013888888889,0.0,0.1213055555555555,Clear,6,24,Friday,0,2,Summer,0,6.586485494447395
2016-06-25,564.587059303,70.31061111111111,0.7574861111111111,9.528958333333334,1013.2039166666666,7.209263888888889,202.26805555555555,0.0106491666666666,0.22175,Clear,6,25,Saturday,1,2,Summer,0,6.337864234729037
2016-06-26,512.317360637,66.11406944444444,0.5750555555555555,9.97802777777778,1013.8841666666666,9.289541666666668,289.0527777777778,0.0001291666666666,0.1541944444444444,Clear,6,26,Sunday,1,2,Summer,0,6.240894290613256
2016-06-27,720.87153653,68.0663888888889,0.5798055555555556,9.895847222222224,1017.1135,6.271569444444444,247.49027777777775,0.0,0.1039166666666666,Clear,6,27,Monday,0,2,Summer,0,6.581847195818129
2016-06-28,576.804751078,73.26004166666667,0.5633472222222222,9.400625,1014.561527777778,6.348027777777777,214.87083333333337,0.00377875,0.0660833333333333,Clear,6,28,Tuesday,0,2,Summer,0,6.359236010701686
2016-06-29,665.599754521,73.735125,0.7301805555555556,9.062777777777775,1008.3525555555556,4.1653472222222225,242.9152777777778,0.0030523611111111,0.073625,Clear,6,29,Wednesday,0,2,Summer,0,6.502189797618246
2016-06-30,598.097173869,78.1692361111111,0.6405000000000001,9.497402777777776,1009.7619583333332,5.192236111111111,222.0236111111111,0.0,0.1189305555555555,Clear,6,30,Thursday,0,2,Summer,0,6.395423811784478
2016-07-01,629.596235746,75.74494444444444,0.8047916666666667,8.220902777777779,1007.7689305555556,3.726319444444444,126.20277777777778,0.0048615277777777,0.1599166666666666,Clear,7,1,Friday,0,3,Summer,0,6.446665777771862
2016-07-02,592.376021289,69.52058333333333,0.7489722222222223,9.709375,1010.9061944444444,6.067472222222222,80.91388888888889,0.0024005555555555,0.4585555555555556,Clear,7,2,Saturday,1,3,Summer,0,6.385828298022729
2016-07-03,744.637008506,62.943576388888886,0.8745277777777777,7.685944444444445,1010.7533472222224,3.8616944444444448,99.05763888888887,0.006674375,1.0,Clear,7,3,Sunday,1,3,Summer,0,6.614238898011344
2016-07-04,875.23911702,66.23779166666667,0.8187291666666667,9.330923611111112,1013.8249930555556,3.869618055555556,284.34305555555557,0.0031979166666666,0.4037708333333333,Clear,7,4,Monday,0,3,Summer,1,6.775639018323027
2016-07-05,587.680976525,66.94546527777779,0.7115416666666667,8.7281875,1019.1062638888887,3.5289305555555552,239.5986111111111,0.0,0.1113333333333333,Clear,7,5,Tuesday,0,3,Summer,0,6.377884401132954
2016-07-06,943.64273005,75.44284027777778,0.6306041666666667,9.942604166666667,1017.3444791666668,7.0423888888888895,193.5951388888889,0.0,0.1175416666666666,Clear,7,6,Wednesday,0,3,Summer,0,6.85080679257059
2016-07-07,756.479532459,77.64046527777778,0.6922291666666667,9.465979166666669,1014.1113194444443,9.584708333333332,187.90625,0.0010845833333333,0.33325,Clear,7,7,Thursday,0,3,Summer,0,6.629996517162375
2016-07-08,689.717583718,77.93038194444445,0.7710416666666666,7.510645833333333,1009.5394930555556,6.127562500000001,215.01111111111112,0.0090804166666666,0.1969791666666666,Clear,7,8,Friday,0,3,Summer,0,6.537731033593381
2016-07-09,610.546557615,76.61582638888889,0.6716041666666667,9.0274375,1013.860361111111,4.360923611111112,227.18819444444443,0.0015041666666666,0.1464444444444444,Clear,7,9,Saturday,1,3,Summer,0,6.4159910889665035
2016-07-10,511.149875397,76.51727083333333,0.6679583333333333,9.901833333333332,1018.137625,3.6389722222222223,201.32361111111112,0.000463125,0.1793333333333333,Clear,7,10,Sunday,1,3,Summer,0,6.238617307588557
2016-07-11,703.611503152,75.82943055555556,0.704875,9.614458333333332,1016.918826388889,5.955395833333333,220.40416666666667,0.0039702083333333,0.1172986111111111,Clear,7,11,Monday,0,3,Summer,0,6.557646591564392
2016-07-12,581.986587238,73.22553472222222,0.5794305555555556,9.930451388888889,1016.7222986111112,8.578597222222223,289.2993055555556,0.0001227083333333,0.1575069444444444,Clear,7,12,Tuesday,0,3,Summer,0,6.36816417963301
2016-07-13,893.500497195,66.92441666666667,0.5995069444444444,9.819777777777777,1021.943548611111,4.810611111111111,279.4715277777778,0.0,0.0762638888888889,Clear,7,13,Wednesday,0,3,Summer,0,6.796265458784282
2016-07-14,909.80206388,71.75725694444444,0.6118263888888889,9.8943125,1019.4729583333334,5.137902777777778,240.64305555555555,0.0,0.0475,Clear,7,14,Thursday,0,3,Summer,0,6.814325600194922
2016-07-15,969.386960935,79.63338888888889,0.6292916666666667,9.920416666666666,1011.2931597222222,7.509791666666667,219.93680555555557,0.0005660416666666,0.1421388888888889,Clear,7,15,Friday,0,3,Summer,0,6.87769492074546
2016-07-16,893.891414456,78.27645138888889,0.5989791666666666,9.746645833333334,1010.2165555555556,8.470868055555554,282.1513888888889,0.0002058333333333,0.0874444444444444,Clear,7,16,Saturday,1,3,Summer,0,6.7967023862842595
2016-07-17,1037.194015175,74.33278472222223,0.6147083333333333,9.644979166666667,1014.9935833333334,4.5588125,258.7006944444444,0.0,0.0590694444444444,Clear,7,17,Sunday,1,3,Summer,0,6.945237958759869
2016-07-18,1049.473441369,77.14972916666667,0.6998333333333333,9.943972222222222,1011.1047430555556,5.854527777777778,218.76597222222225,0.0016466666666666,0.0871041666666666,Clear,7,18,Monday,0,3,Summer,0,6.956996238070174
2016-07-19,576.877535771,76.55713194444445,0.6241597222222222,9.896375,1011.6025833333332,7.630006944444444,263.4125,0.0,0.1342083333333333,Clear,7,19,Tuesday,0,3,Summer,0,6.359361970394803
2016-07-20,792.257797299,76.18596527777777,0.6068541666666667,9.913444444444444,1012.720201388889,3.714631944444444,262.3208333333333,0.0,0.08425,Clear,7,20,Wednesday,0,3,Summer,0,6.676148259975664
2016-07-21,673.154501607,79.39251388888889,0.6397152777777778,9.265020833333333,1011.5284930555556,3.4813888888888886,233.96597222222223,0.0045370138888888,0.1584236111111111,Clear,7,21,Thursday,0,3,Summer,0,6.513459315513845
2016-07-22,631.542512147,73.39244444444444,0.7602569444444445,9.144916666666669,1012.9509930555556,4.3496041666666665,71.82013888888889,0.0019229861111111,0.1608888888888889,Clear,7,22,Friday,0,3,Summer,0,6.449747431223623
2016-07-23,474.757212782,73.27422222222222,0.7574166666666667,8.370625,1017.4281319444444,3.6881875,97.89722222222224,0.0296947916666666,0.3559513888888889,Clear,7,23,Saturday,1,3,Summer,0,6.164907666927335
2016-07-24,511.415280192,69.82520833333334,0.8368055555555556,9.136972222222225,1018.6565694444444,4.7569791666666665,44.34027777777778,0.006080625,0.4310694444444444,Light Rain,7,24,Sunday,1,3,Summer,0,6.239135390405425
2016-07-25,1220.262427133,68.32188888888889,0.8257569444444444,8.987104166666667,1019.2599305555556,3.692368055555556,48.41180555555555,0.0270751388888888,0.5886666666666667,Clear,7,25,Monday,0,3,Summer,0,7.107640379053838
2016-07-26,1157.56541427,67.2416388888889,0.747138888888889,8.494048611111111,1021.3869791666668,2.8183125,59.56458333333333,8.298611111111112e-05,0.1870625,Clear,7,26,Tuesday,0,3,Summer,0,7.054937806905036
2016-07-27,795.52401731,69.64003472222223,0.6489027777777777,9.5166875,1021.0409236111112,4.402020833333333,219.17430555555555,0.0,0.0785347222222222,Clear,7,27,Wednesday,0,3,Summer,0,6.680257282454816
2016-07-28,1031.776233234,72.49311805555556,0.6618055555555555,9.8111875,1016.7824166666668,6.045631944444444,195.46180555555551,0.0,0.0914236111111111,Clear,7,28,Thursday,0,3,Summer,0,6.940005827294377
2016-07-29,1122.142997996,76.49170833333334,0.6902777777777778,9.866208333333333,1007.7557847222224,7.450736111111111,210.93541666666667,0.0032011111111111,0.1659097222222222,Clear,7,29,Friday,0,3,Summer,0,7.023886282336304
2016-07-30,1443.061328955,73.83370138888888,0.6418402777777777,9.396944444444443,1009.1879513888888,6.246229166666667,294.19305555555553,4.076388888888889e-05,0.1197569444444444,Clear,7,30,Saturday,1,3,Summer,0,7.275214790126364
2016-07-31,706.289135349,71.731125,0.6065347222222222,9.966555555555557,1016.140826388889,4.475416666666667,220.63541666666663,0.0,0.0918541666666666,Clear,7,31,Sunday,1,3,Summer,0,6.561439543184536
2016-08-01,898.394836971,70.926875,0.6169444444444444,9.865020833333332,1021.7184791666668,4.9728819444444445,236.62708333333333,0.0,0.0638541666666666,Clear,8,1,Monday,0,3,Summer,0,6.801722133794224
2016-08-02,537.033488339,74.39478472222223,0.8214027777777777,9.088736111111112,1020.6101875,6.146027777777778,186.29583333333332,0.0146497916666666,0.3816527777777778,Clear,8,2,Tuesday,0,3,Summer,0,6.287920804207855
2016-08-03,669.472502678,79.43185416666667,0.8140763888888889,7.774916666666666,1016.7403263888888,3.916736111111111,202.86875,0.0034769444444444,0.1937013888888888,Clear,8,3,Wednesday,0,3,Summer,0,6.507982691706296
2016-08-04,615.720887118,79.14875694444444,0.8066180555555555,9.520319444444445,1011.166784722222,5.207215277777778,211.15,0.0085168055555555,0.1710555555555555,Clear,8,4,Thursday,0,3,Summer,0,6.4244165505952955
2016-08-05,822.84934989,79.84443055555555,0.8007777777777777,8.835680555555555,1011.6756111111112,4.082236111111111,182.50555555555556,0.0157819444444444,0.2299791666666666,Clear,8,5,Friday,0,3,Summer,0,6.713987685391033
2016-08-06,953.449612247,79.49488194444444,0.7421805555555555,9.940888888888889,1013.8001041666666,6.192638888888888,253.8736111111111,0.0008865972222222,0.1339513888888888,Clear,8,6,Saturday,1,3,Summer,0,6.861134852088774
2016-08-07,1020.391714401,74.44047916666666,0.7131458333333334,9.90711111111111,1021.4428263888888,5.025590277777778,218.23958333333337,0.0010647916666666,0.1159722222222222,Clear,8,7,Sunday,1,3,Summer,0,6.928921402178487
2016-08-08,1341.737831255,77.50365972222222,0.7734930555555555,9.853409722222224,1016.9806180555556,8.07501388888889,165.61319444444445,0.0043383333333333,0.2177916666666666,Clear,8,8,Monday,0,3,Summer,0,7.2024659661900445
2016-08-09,1017.787878334,71.44780555555555,0.7262013888888889,9.817916666666664,1015.7893819444444,6.622458333333333,282.73125,0.0003047916666666,0.1721041666666666,Clear,8,9,Tuesday,0,3,Summer,0,6.926368845050618
2016-08-10,854.199995452,74.73922916666668,0.7250138888888888,9.4881875,1014.0883680555556,3.763173611111111,198.98333333333332,0.0003047916666666,0.1669861111111111,Clear,8,10,Wednesday,0,3,Summer,0,6.751335354392781
2016-08-11,1194.74374193,72.25332638888888,0.6914097222222222,9.684520833333334,1014.0930833333332,2.886229166666667,216.04861111111111,0.0,0.1248333333333333,Clear,8,11,Thursday,0,3,Summer,0,7.086523648952732
2016-08-12,1138.545178901,75.80445138888889,0.7180000000000001,9.93226388888889,1013.4330625,7.211534722222223,164.08194444444445,0.0001899999999999,0.2127083333333333,Clear,8,12,Friday,0,3,Summer,0,7.0383844959041655
2016-08-13,1488.962094856,72.32997222222222,0.7533819444444445,9.20561111111111,1010.3956319444444,9.306381944444444,240.26527777777775,0.0219766666666666,0.3062777777777778,Clear,8,13,Saturday,1,3,Summer,0,7.30650595892195
2016-08-14,1351.334159664,62.86167361111111,0.6554861111111111,9.800104166666667,1022.1595208333332,5.808756944444445,294.2111111111111,0.0,0.0685763888888889,Clear,8,14,Sunday,1,3,Summer,0,7.209587385578821
2016-08-15,1343.639775198,68.47781944444445,0.6818541666666667,9.639,1024.2540069444444,4.027715277777777,237.20416666666668,0.0,0.0367430555555555,Clear,8,15,Monday,0,3,Summer,0,7.203881431032785
2016-08-16,1112.591558746,73.10052777777777,0.711625,9.776493055555555,1019.1470138888888,7.43532638888889,188.69930555555555,0.0001029166666666,0.0635972222222222,Clear,8,16,Tuesday,0,3,Summer,0,7.01534570940236
2016-08-17,992.27483441,77.07059027777777,0.7354861111111111,9.166631944444443,1014.8089583333332,6.435965277777778,229.08402777777775,0.000391875,0.2226041666666667,Clear,8,17,Wednesday,0,3,Summer,0,6.901007397563609
2016-08-18,1006.479564834,74.13815972222223,0.6598541666666666,9.72323611111111,1020.2255694444444,3.9814791666666665,223.46666666666667,0.0,0.0678819444444444,Clear,8,18,Thursday,0,3,Summer,0,6.915207010571958
2016-08-19,984.183963484,73.46190972222222,0.6905902777777778,9.759805555555555,1023.2116875,6.122090277777778,176.6125,0.0,0.0671527777777777,Clear,8,19,Friday,0,3,Summer,0,6.8928283886920605
2016-08-20,685.103083541,75.21029166666666,0.629125,9.93825,1019.2913472222224,8.1153125,260.65486111111113,0.0002691666666666,0.1524236111111111,Clear,8,20,Saturday,1,3,Summer,0,6.531027883989326
2016-08-21,801.670818861,67.56392361111111,0.6710347222222222,9.90975,1020.1418541666668,4.1322986111111115,197.47916666666663,0.0,0.059,Clear,8,21,Sunday,1,3,Summer,0,6.687944690746807
2016-08-22,890.859063589,69.70590277777778,0.7986319444444444,9.909354166666668,1014.1142916666668,4.559236111111111,202.0090277777778,0.0,0.1463194444444444,Clear,8,22,Monday,0,3,Summer,0,6.793308119635859
2016-08-23,657.124322249,69.59946527777778,0.7815208333333334,9.591104166666668,1011.531451388889,2.8071527777777776,210.81805555555556,0.0026125,0.2164930555555555,Clear,8,23,Tuesday,0,3,Summer,0,6.489393853066627
2016-08-24,726.931481938,65.23217361111111,0.6678819444444445,9.908958333333333,1019.0620555555556,6.3215555555555545,120.39861111111112,4.354166666666667e-05,0.0995902777777777,Clear,8,24,Wednesday,0,3,Summer,0,6.590206925550255
2016-08-25,858.3226440130001,62.33309027777777,0.7230555555555556,9.584631944444444,1023.0079513888888,4.400854166666666,28.771527777777777,0.0,0.0351388888888888,Clear,8,25,Thursday,0,3,Summer,0,6.756144455668707
2016-08-26,738.988961499,64.14054861111111,0.6580902777777777,9.824256944444445,1024.8903402777778,6.502138888888889,32.638194444444444,0.0,0.0274444444444444,Clear,8,26,Friday,0,3,Summer,0,6.606635269193714
2016-08-27,500.742253863,68.61994444444444,0.6075763888888889,9.8825,1019.6784166666666,11.786208333333333,21.630555555555556,5.055555555555556e-05,0.0905138888888889,Clear,8,27,Saturday,1,3,Summer,0,6.218086549317118
2016-08-28,690.80758993,70.43370138888889,0.808236111111111,9.02578472222222,1017.7145833333332,8.896020833333333,33.63055555555555,0.0010102777777777,0.3486736111111111,Clear,8,28,Sunday,1,3,Summer,0,6.53930786772071
2016-08-29,1297.785523179,71.16885416666668,0.8187986111111111,9.116243055555556,1015.3695347222224,5.272048611111111,78.15277777777777,0.0001860416666666,0.2182361111111111,Clear,8,29,Monday,0,3,Summer,0,7.1691848938615195
2016-08-30,724.151434786,76.89801388888888,0.7869722222222222,8.210437500000001,1010.2023819444444,4.820618055555556,201.71319444444444,0.0080789583333333,0.2116458333333333,Clear,8,30,Tuesday,0,3,Summer,0,6.586380508610107
2016-08-31,664.858196929,76.28122916666666,0.7049444444444445,9.890402777777778,1014.7541111111112,4.805451388888889,211.93819444444443,0.0005585416666666,0.1727222222222222,Clear,8,31,Wednesday,0,3,Summer,0,6.501076730346211
2016-09-01,674.8028468690001,76.40267361111111,0.7619305555555556,9.398680555555556,1012.9462291666669,8.359159722222223,192.95763888888888,0.0063725,0.2831111111111111,Clear,9,1,Thursday,0,3,Fall,0,6.51590138686232
2016-09-02,740.508943199,62.99578472222222,0.6239930555555555,9.643354166666668,1020.9843055555556,5.916840277777778,252.30902777777777,0.0,0.0649652777777777,Clear,9,2,Friday,0,3,Fall,0,6.608687222461424
2016-09-03,884.997083527,63.704548611111115,0.6804375,9.513520833333333,1022.4415833333333,4.508041666666666,222.59166666666667,0.0,0.0334444444444444,Clear,9,3,Saturday,1,3,Fall,0,6.786713658869415
2016-09-04,831.770294795,71.6533125,0.6827083333333334,9.814354166666666,1017.441298611111,7.804541666666666,214.73472222222225,0.0002222222222222,0.0842638888888888,Clear,9,4,Sunday,1,3,Fall,0,6.7247578475903955
2016-09-05,842.478962586,62.08011805555555,0.6211944444444444,9.7708125,1023.052125,6.632777777777778,146.52291666666667,0.0001261111111111,0.0755555555555555,Clear,9,5,Monday,0,3,Fall,1,6.73753496105378
2016-09-06,707.766882197,58.012965277777774,0.7082708333333333,9.637416666666669,1026.0581736111112,3.1293472222222225,204.3986111111111,0.0,0.1060277777777777,Clear,9,6,Tuesday,0,3,Fall,0,6.563526674436584
2016-09-07,661.859331507,61.823708333333336,0.7197430555555556,9.612479166666668,1023.1813055555556,6.789513888888889,172.78819444444446,0.0,0.0778819444444444,Clear,9,7,Wednesday,0,3,Fall,0,6.496562798001993
2016-09-08,833.346714475,70.66711805555555,0.8310694444444444,9.695145833333331,1017.2016875,7.092597222222222,191.56666666666663,0.001389375,0.2673263888888889,Clear,9,8,Thursday,0,3,Fall,0,6.726649040759306
2016-09-09,1046.64153105,70.33792361111111,0.9226041666666668,7.844791666666667,1017.2670347222222,3.67925,169.64236111111111,0.027894375,0.322111111111111,Clear,9,9,Friday,0,3,Fall,0,6.954296755843554
2016-09-10,818.49953211,69.96220833333334,0.8435138888888889,6.854902777777777,1019.2473472222222,2.630763888888889,205.91458333333333,0.0,0.2134583333333333,Clear,9,10,Saturday,1,3,Fall,0,6.708693827238023
2016-09-11,1075.028832226,66.24772916666666,0.7370069444444444,8.611625,1021.5822430555556,3.4439027777777778,195.38472222222225,0.0,0.0491180555555555,Clear,9,11,Sunday,1,3,Fall,0,6.981032536111801
2016-09-12,839.746602099,66.09022916666666,0.6935972222222222,9.731875,1020.4122569444444,4.262888888888889,160.2888888888889,0.0,0.0599166666666666,Clear,9,12,Monday,0,3,Fall,0,6.734290309100467
2016-09-13,710.8154183,63.707388888888886,0.7394166666666666,9.79525,1016.7100694444443,5.2500277777777775,169.87569444444443,0.0026045833333333,0.2017708333333333,Clear,9,13,Tuesday,0,3,Fall,0,6.567818633841777
2016-09-14,734.99562188,53.32320833333333,0.6852569444444444,9.458305555555556,1020.2845069444444,6.1358402777777785,296.1118055555556,0.0,0.1037083333333333,Clear,9,14,Wednesday,0,3,Fall,0,6.601224170178575
2016-09-15,656.464480677,49.104638888888886,0.6738958333333334,9.31721527777778,1022.1034861111112,5.740388888888889,226.4465277777778,0.0,0.0359236111111111,Clear,9,15,Thursday,0,3,Fall,0,6.48839074080866
2016-09-16,484.926007929,59.160625,0.6864513888888889,9.045777777777776,1017.6520486111112,5.4995972222222225,180.8048611111111,0.0111722222222222,0.3185138888888889,Clear,9,16,Friday,0,3,Fall,0,6.186056365250063
2016-09-17,447.170759657,59.966166666666666,0.8221597222222223,9.001152777777778,1015.4672430555556,3.219895833333333,103.10069444444444,5.361111111111111e-05,0.21975,Clear,9,17,Saturday,1,3,Fall,0,6.105174319740646
2016-09-18,505.778566165,56.734763888888885,0.7385902777777777,9.993270833333334,1026.6092708333333,9.645076388888889,53.545833333333334,0.0,0.4265138888888888,Clear,9,18,Sunday,1,3,Fall,0,6.228074155060524
2016-09-19,796.305717699,56.46171527777778,0.6838125,10.0,1031.0698333333337,8.726416666666667,50.239583333333336,0.0,0.0866666666666666,Clear,9,19,Monday,0,3,Fall,0,6.681238190809714
2016-09-20,659.53788536,52.74698611111111,0.8601666666666667,6.713520833333333,1027.334298611111,9.377958333333334,31.135416666666668,0.0082808333333333,0.7695763888888889,Light Rain,9,20,Tuesday,0,3,Fall,0,6.493054480924554
2016-09-21,604.955986097,53.8050625,0.8932152777777778,8.161847222222223,1021.9169166666668,6.041236111111112,26.06736111111111,0.000296875,1.0,Clear,9,21,Wednesday,0,3,Fall,0,6.406807353228643
2016-09-22,586.728700314,59.775548611111105,0.8498888888888888,9.164930555555555,1016.5290902777778,2.30825,198.72152777777777,0.0008773611111111,0.6943125,Clear,9,22,Thursday,0,3,Fall,0,6.376265447399843
2016-09-23,760.687468495,60.116375,0.8161666666666666,9.730472222222222,1023.6514166666668,4.8975,57.81875,0.0010543055555555,0.4731597222222222,Clear,9,23,Friday,0,3,Fall,0,6.635536325221613
2016-09-24,777.577347289,54.071083333333334,0.7625694444444444,9.0416875,1027.963145833333,4.1276874999999995,38.516666666666666,0.0,0.0787916666666666,Clear,9,24,Saturday,1,3,Fall,0,6.65746834059565
2016-09-25,1068.519718597,53.52482638888889,0.7836041666666665,8.192659722222222,1026.3208055555556,2.5590555555555556,169.0326388888889,0.0,0.0775833333333333,Clear,9,25,Sunday,1,3,Fall,0,6.974964965563343
2016-09-26,708.559735515,55.895624999999995,0.776986111111111,8.099569444444445,1025.6516805555557,3.717055555555556,196.9,0.0,0.0609444444444444,Clear,9,26,Monday,0,3,Fall,0,6.564644686875588
2016-09-27,633.426903257,55.62311805555555,0.87525,7.802305555555555,1020.0248125,2.475361111111111,176.05,0.0015127083333333,0.1488888888888889,Clear,9,27,Tuesday,0,3,Fall,0,6.4527220768253155
2016-09-28,612.357367303,54.622923611111105,0.8313819444444445,8.598777777777778,1017.1072152777778,7.993638888888889,214.2875,0.0081654166666666,0.625,Clear,9,28,Wednesday,0,3,Fall,0,6.418947746987286
2016-09-29,566.581438974,47.64040277777777,0.5793472222222222,10.0,1023.1419097222224,10.1331875,314.90277777777777,0.0,0.0304583333333333,Clear,9,29,Thursday,0,3,Fall,0,6.3413842438597285
2016-09-30,644.660522237,46.156722222222214,0.7107708333333334,9.852354166666666,1030.7170833333332,3.018770833333333,181.53402777777777,0.0,0.0300069444444444,Clear,9,30,Friday,0,3,Fall,0,6.470273858282144
2016-10-01,856.609636372,52.06511111111111,0.7788263888888889,9.638097222222225,1025.9500486111112,4.0993611111111115,176.57291666666666,0.0,0.1012916666666666,Clear,10,1,Saturday,1,4,Fall,0,6.75414902669464
2016-10-02,756.566590062,55.36388888888889,0.7743055555555556,9.371131944444445,1019.0102291666668,7.257354166666667,248.4701388888889,0.0009341666666666,0.1715138888888888,Clear,10,2,Sunday,1,4,Fall,0,6.630111441192478
2016-10-03,835.393178591,43.80645833333334,0.6831319444444445,9.904208333333331,1028.0444722222223,5.0298125,186.5361111111111,0.0,0.0139861111111111,Clear,10,3,Monday,0,4,Fall,0,6.729098811843316
2016-10-04,707.021315286,45.35773611111111,0.7362777777777778,9.305986111111112,1027.9193958333333,3.9245625,154.71180555555554,0.0,0.0431388888888888,Clear,10,4,Tuesday,0,4,Fall,0,6.562474199576691
2016-10-05,640.409748882,59.12772222222222,0.7821180555555556,9.400736111111112,1016.2112638888888,6.317104166666666,199.25069444444443,3.5625e-05,0.1656944444444444,Clear,10,5,Wednesday,0,4,Fall,0,6.463668486523027
2016-10-06,704.221314868,64.11242361111111,0.8297083333333333,7.702208333333333,1012.4462708333332,2.091826388888889,172.73263888888889,0.0011202083333333,0.2217361111111111,Clear,10,6,Thursday,0,4,Fall,0,6.558511675347712
2016-10-07,511.550623391,69.83793055555556,0.7370833333333334,9.498152777777776,1010.3629513888887,7.971048611111111,197.97847222222225,0.0,0.1315763888888889,Clear,10,7,Friday,0,4,Fall,0,6.2393994834826945
2016-10-08,382.328596754,58.84724305555555,0.7119236111111111,9.402291666666668,1019.8800138888888,5.659451388888889,161.75625,0.0,0.0803333333333333,Clear,10,8,Saturday,1,4,Fall,0,5.948892576318934
2016-10-09,661.354088399,61.395875,0.8095208333333334,7.557118055555556,1015.0955416666668,4.445062500000001,96.46111111111112,0.0054547916666666,0.3914166666666666,Clear,10,9,Sunday,1,4,Fall,0,6.495800289677084
2016-10-10,819.142668609,58.47761805555556,0.9049166666666666,7.467506944444445,996.5825833333332,6.3448472222222225,263.55555555555554,0.0175323611111111,0.530125,Light Rain,10,10,Monday,0,4,Fall,1,6.709478311233008
2016-10-11,551.609317963,45.25413888888889,0.6605694444444444,9.590458333333334,1000.6745138888888,13.358479166666664,273.5909722222222,0.0087586805555555,0.4002708333333333,Light Rain,10,11,Tuesday,0,4,Fall,0,6.314651274386604
2016-10-12,655.997070371,50.444312499999995,0.5924652777777778,9.907375,1009.6318958333331,10.066791666666669,267.04375,0.0006135416666666,0.1978333333333333,Clear,10,12,Wednesday,0,4,Fall,0,6.487679559374212
2016-10-13,596.0751208,42.632,0.5435138888888889,10.0,1018.7895138888888,10.821361111111113,286.6,0.0,0.154125,Clear,10,13,Thursday,0,4,Fall,0,6.3920429359623725
2016-10-14,653.775501133,38.231965277777775,0.5442291666666667,10.0,1027.5356875,8.510881944444444,316.85555555555555,0.0,0.1459722222222222,Clear,10,14,Friday,0,4,Fall,0,6.484292430522461
2016-10-15,1052.471747995,31.9270625,0.809375,7.565388888888889,1030.2438055555556,3.8063402777777777,98.40902777777778,0.0120647916666666,0.5515694444444444,Clear,10,15,Saturday,1,4,Fall,0,6.959846415604161
2016-10-16,728.487405443,41.43454166666667,0.8082430555555555,8.486569444444445,1017.7439097222222,10.259493055555556,243.16041666666663,0.01296375,0.5934583333333333,Partly Cloudy,10,16,Sunday,1,4,Fall,0,6.592342103170899
2016-10-17,685.6198686280001,44.935048611111114,0.7439027777777778,9.987958333333331,1016.5594583333332,6.001736111111111,221.2576388888889,0.000285,0.1550902777777777,Clear,10,17,Monday,0,4,Fall,0,6.531780818309536
2016-10-18,901.070317984,52.78623611111111,0.8006180555555557,9.562166666666666,1011.699388888889,5.362083333333333,286.26458333333335,0.0037129166666666,0.1909930555555555,Clear,10,18,Tuesday,0,4,Fall,0,6.804692474877727
2016-10-19,712.231788102,41.18561111111111,0.6897291666666667,9.9404375,1021.6165138888888,7.763513888888889,250.15972222222223,0.0,0.1785277777777777,Clear,10,19,Wednesday,0,4,Fall,0,6.569806456086582
2016-10-20,754.868421326,41.63271527777778,0.7634375,9.822666666666668,1027.258576388889,5.172055555555556,131.45763888888888,0.0,0.1244097222222222,Clear,10,20,Thursday,0,4,Fall,0,6.627867315166714
2016-10-21,568.583408891,55.039875,0.7815694444444444,9.603708333333334,1021.0587291666668,4.164215277777778,224.79861111111111,0.0,0.1651041666666666,Clear,10,21,Friday,0,4,Fall,0,6.34490523202432
2016-10-22,823.403646757,53.97833333333334,0.8262361111111111,8.775222222222222,1012.7643402777776,6.219305555555555,252.73055555555555,0.0009539583333333,0.2527569444444444,Partly Cloudy,10,22,Saturday,1,4,Fall,0,6.714660272535147
2016-10-23,958.358676167,43.67281944444444,0.6241875,9.901569444444444,1020.8316944444445,7.361625,302.1090277777778,0.0,0.1200347222222222,Clear,10,23,Sunday,1,4,Fall,0,6.866265015560576
2016-10-24,798.631796422,45.44001388888889,0.7567291666666667,9.47567361111111,1019.8277222222222,5.043888888888889,249.9423611111111,0.0008336111111111,0.2552083333333333,Partly Cloudy,10,24,Monday,0,4,Fall,0,6.6841513672458275
2016-10-25,884.390345102,39.61667361111111,0.6664236111111111,9.97570138888889,1027.607013888889,8.791743055555555,148.84791666666666,9.263888888888888e-05,0.1667291666666666,Clear,10,25,Tuesday,0,4,Fall,0,6.786028615677935
2016-10-26,1057.9929134,36.56731944444444,0.6921319444444444,9.9893125,1027.367951388889,4.291652777777778,255.9152777777778,0.0,0.0163472222222222,Clear,10,26,Wednesday,0,4,Fall,0,6.965073653794314
2016-10-27,926.478779969,44.34522916666666,0.6972638888888889,9.887236111111111,1014.1014861111112,4.290638888888889,283.4791666666667,0.0001052083333333,0.0783125,Clear,10,27,Thursday,0,4,Fall,0,6.832469915480245
2016-10-28,589.848676696,43.26546527777778,0.7719236111111111,9.37215972222222,1013.2862847222224,5.809354166666666,304.90208333333334,0.000575625,0.4187916666666666,Clear,10,28,Friday,0,4,Fall,0,6.381559938421012
2016-10-29,565.75412866,46.87781944444444,0.5468194444444444,9.997625,1004.7608333333334,9.04286111111111,235.94791666666663,3.5625e-05,0.2503402777777778,Clear,10,29,Saturday,1,4,Fall,0,6.339925574160398
2016-10-30,529.550343044,38.675604166666666,0.4629305555555555,10.0,1019.524375,11.189555555555556,317.40555555555557,0.0,0.0991319444444444,Clear,10,30,Sunday,1,4,Fall,0,6.27391485090124
2016-10-31,828.467243376,42.14252777777778,0.5189791666666667,9.998416666666666,1018.7299652777778,6.450423611111112,242.35208333333333,0.0,0.0483402777777777,Clear,10,31,Monday,0,4,Fall,0,6.7207836192498
2016-11-01,760.569411115,41.53989583333333,0.5633958333333333,9.964770833333334,1015.6831180555556,4.634104166666666,228.34305555555557,0.0,0.0411319444444444,Clear,11,1,Tuesday,0,4,Fall,0,6.635381318693408
2016-11-02,657.819219232,42.977333333333334,0.6965347222222222,8.255347222222223,1014.0365277777778,5.400777777777778,117.04097222222222,0.0168994444444444,0.47575,Clear,11,2,Wednesday,0,4,Fall,0,6.490449170968427
2016-11-03,645.960331712,48.47220833333333,0.8503888888888889,8.441819444444445,1006.0021388888888,6.114034722222222,217.58541666666667,0.0030070138888888,0.6066805555555556,Clear,11,3,Thursday,0,4,Fall,0,6.47228498151156
2016-11-04,657.626886399,43.96199305555555,0.7824861111111111,8.133645833333334,1013.9888055555556,7.480173611111112,310.78055555555557,0.0,0.0922430555555555,Clear,11,4,Friday,0,4,Fall,0,6.4901571926726245
2016-11-05,1084.743081324,44.532666666666664,0.7441666666666666,9.661527777777778,1018.9298194444444,4.335486111111111,241.45555555555555,0.0,0.0243611111111111,Clear,11,5,Saturday,1,4,Fall,0,6.990019899139505
2016-11-06,867.356049875,44.71978472222222,0.7767777777777778,9.118027777777778,1011.7445347222222,3.706194444444444,149.77430555555554,2.8888888888888888e-05,0.0114583333333333,Clear,11,6,Sunday,1,4,Fall,0,6.766601826261615
2016-11-07,619.043691623,36.33639583333333,0.8017777777777777,7.019972222222222,995.4078819444444,11.5079375,245.29375,0.0157961111111111,0.8770833333333333,Clear,11,7,Monday,0,4,Fall,0,6.429789945915895
2016-11-08,854.639034964,30.85859027777778,0.6410555555555556,8.882423611111111,1001.5896111111113,13.809090277777775,276.96944444444443,4.791666666666667e-05,0.7854166666666667,Clear,11,8,Tuesday,0,4,Fall,0,6.751848599080133
2016-11-09,792.129014186,32.367104166666664,0.5796527777777778,9.954902777777775,1015.9167013888888,13.35961111111111,302.6486111111111,0.0,0.0598402777777777,Clear,11,9,Wednesday,0,4,Fall,0,6.675985899683267
2016-11-10,673.403748989,31.48976388888889,0.6537499999999999,10.0,1025.149611111111,7.244993055555556,258.07708333333335,0.0,0.0862222222222222,Clear,11,10,Thursday,0,4,Fall,0,6.513828965671305
2016-11-11,874.601034561,36.06167361111111,0.8159236111111111,8.145645833333333,1025.5313333333334,3.592451388888889,53.94861111111111,0.0020583333333333,0.6648611111111111,Clear,11,11,Friday,0,4,Fall,1,6.774910547193236
2016-11-12,1021.939342811,39.289375,0.954,2.474923611111111,1022.2160902777778,1.9419444444444445,199.22083333333333,0.0001702083333333,0.6979513888888889,Clear,11,12,Saturday,1,4,Fall,0,6.930435470753818
2016-11-13,901.597529367,36.128340277777774,0.8876319444444445,8.870847222222222,1017.9263680555556,4.8013125,302.12152777777777,0.00068875,0.2108680555555555,Clear,11,13,Sunday,1,4,Fall,0,6.80527675014896
2016-11-14,860.143262905,32.582569444444445,0.8039236111111112,9.8040625,1019.0073958333332,5.473354166666667,283.02708333333334,0.0001504166666666,0.1486527777777777,Clear,11,14,Monday,0,4,Fall,0,6.758260881881241
2016-11-15,836.7357170180001,35.90078472222222,0.7817430555555556,9.719520833333334,1020.9730208333332,3.227902777777778,189.2486111111111,0.0012753472222222,0.2532361111111111,Clear,11,15,Tuesday,0,4,Fall,0,6.730702677254533
2016-11-16,695.137864219,46.57451388888889,0.9555902777777776,4.312590277777778,1012.855576388889,3.2821388888888885,190.29305555555555,0.0190427777777777,0.5717291666666666,Clear,11,16,Wednesday,0,4,Fall,0,6.545547721493438
2016-11-17,704.595017429,47.40699305555556,0.8838888888888888,6.919534722222222,1004.9605972222222,6.341,155.91805555555555,0.026944375,0.6834444444444444,Light Rain,11,17,Thursday,0,4,Fall,0,6.559041443200813
2016-11-18,775.60584763,41.12797222222222,0.6690486111111111,9.9774375,1007.0603541666666,8.820909722222222,258.1666666666667,3.1666666666666666e-05,0.2405555555555555,Clear,11,18,Friday,0,4,Fall,0,6.654932947052891
2016-11-19,795.322930605,40.056333333333335,0.5911527777777777,9.985354166666667,1011.2622152777778,11.614958333333334,287.4625,0.0,0.31,Partly Cloudy,11,19,Saturday,1,4,Fall,0,6.680004795288574
2016-11-20,896.141892362,34.633895833333334,0.5733541666666666,9.991291666666667,1021.0360555555555,8.830444444444444,319.75694444444446,0.0,0.1860277777777777,Clear,11,20,Sunday,1,4,Fall,0,6.799214035013677
2016-11-21,1315.829391078,30.593152777777775,0.8278541666666668,7.812826388888888,1018.1022222222222,3.261618055555555,142.01388888888889,0.0015477083333333,0.3416597222222222,Clear,11,21,Monday,0,4,Fall,0,7.182982149751177
2016-11-22,1177.616191859,34.84247222222223,0.7791805555555555,9.409708333333333,1018.0467361111112,4.428569444444444,167.03125,0.0,0.1068611111111111,Clear,11,22,Tuesday,0,4,Fall,0,7.072096310523428
2016-11-23,939.872931347,35.46619444444445,0.8918402777777777,6.875583333333333,1014.9245763888888,3.20975,134.82708333333332,0.0034120833333333,0.6808263888888889,Clear,11,23,Wednesday,0,4,Fall,0,6.846808094704212
2016-11-24,1301.054360333,33.05824305555556,0.8114722222222223,6.441465277777777,1012.9881944444444,4.885868055555556,247.9451388888889,0.0,0.1913402777777778,Clear,11,24,Thursday,0,4,Fall,1,7.171698573304782
2016-11-25,962.721215031,29.18540277777778,0.5165833333333333,9.935083333333331,1017.0137708333334,12.71878472222222,291.72569444444446,0.0,0.1629444444444444,Clear,11,25,Friday,0,4,Fall,0,6.870802056759377
2016-11-26,898.221914109,20.93773611111111,0.5962152777777777,9.993666666666668,1027.292451388889,6.803125,283.0444444444444,0.0,0.0519166666666666,Clear,11,26,Saturday,1,4,Fall,0,6.801529849515287
2016-11-27,1277.263363749,23.166895833333335,0.7540694444444443,7.936173611111111,1030.1482638888888,4.0271875,199.71666666666667,0.0009174999999999,0.1729861111111111,Clear,11,27,Sunday,1,4,Fall,0,7.153257688627931
2016-11-28,934.045176838,34.1921875,0.8388402777777778,7.041888888888889,1011.5130486111112,5.674847222222222,210.64027777777775,0.0098531249999999,0.33625,Clear,11,28,Monday,0,4,Fall,0,6.840594845595232
2016-11-29,1044.959378064,33.936972222222224,0.6599513888888889,9.522229166666667,1017.6853888888888,5.666909722222223,222.64583333333337,7.125e-05,0.2052430555555555,Clear,11,29,Tuesday,0,4,Fall,0,6.952689808367882
2016-11-30,753.602622443,27.694194444444445,0.6054444444444445,9.680381944444443,1011.7148333333334,7.9260069444444445,254.79791666666668,0.0,0.1459583333333333,Clear,11,30,Wednesday,0,4,Fall,0,6.626191282799814
2016-12-01,921.429848721,14.5625625,0.4455625,9.216430555555556,1014.4400833333332,15.482027777777777,291.91875,7.916666666666666e-05,0.1730277777777777,Clear,12,1,Thursday,0,4,Winter,0,6.82701132827625
2016-12-02,883.043646462,15.207180555555556,0.6385625,7.6956597222222225,1027.6002361111111,4.5875625,193.98888888888888,0.0046216666666666,0.2319375,Clear,12,2,Friday,0,4,Winter,0,6.784506435244588
2016-12-03,797.695657573,31.241756944444443,0.9129444444444446,5.100229166666667,1011.3819375,4.250861111111111,147.10763888888889,0.0156574305555555,0.8941041666666667,Clear,12,3,Saturday,1,4,Winter,0,6.682979969039902
2016-12-04,1001.932758928,28.80234027777778,0.5865347222222222,9.230208333333334,1026.3991944444444,11.466,301.73819444444445,0.0016184027777777,0.2725694444444444,Clear,12,4,Sunday,1,4,Winter,0,6.910683745762514
2016-12-05,1330.846710529,11.397451388888888,0.632375,9.928194444444443,1038.612513888889,4.127888888888889,144.15972222222223,0.0002057638888888,0.0074444444444444,Clear,12,5,Monday,0,4,Winter,0,7.194321762292436
2016-12-06,1015.609677269,23.919506944444443,0.59975,9.963979166666666,1022.0003819444444,5.506048611111111,213.05972222222223,0.0001900694444444,0.0150416666666666,Clear,12,6,Tuesday,0,4,Winter,0,6.924228524216954
2016-12-07,915.784648472,29.43069444444444,0.7517361111111112,9.112333333333334,1018.9024930555556,2.8073055555555557,210.82986111111111,0.00035625,0.3426527777777778,Clear,12,7,Wednesday,0,4,Winter,0,6.820872601134417
2016-12-08,1120.371163627,36.02664583333333,0.646125,9.705708333333332,1022.5485,8.151479166666666,281.45,0.0,0.1718958333333333,Clear,12,8,Thursday,0,4,Winter,0,7.022307468740611
2016-12-09,1179.23295921,34.3914375,0.7768333333333333,8.521958333333334,1023.2567638888888,6.2363125,199.40833333333333,0.008371875,0.3746805555555555,Clear,12,9,Friday,0,4,Winter,0,7.073467121033665
2016-12-10,1174.760559881,37.654125,0.6480277777777778,9.805645833333331,1027.1473472222222,9.990701388888889,254.59930555555556,0.0,0.1015416666666666,Clear,12,10,Saturday,1,4,Winter,0,7.069670502184782
2016-12-11,1083.740461769,25.674312500000003,0.6268611111111111,9.489236111111111,1038.3640972222222,5.3601875,81.62916666666666,8.361111111111111e-05,0.0835694444444444,Clear,12,11,Sunday,1,4,Winter,0,6.9890960316174455
2016-12-12,1054.986379305,45.113388888888885,0.7522222222222222,8.634909722222222,1011.2632569444444,10.967131944444445,243.27708333333337,0.0009930555555555,0.5758888888888889,Clear,12,12,Monday,0,4,Winter,0,6.962230565797605
2016-12-13,801.989115101,34.19229861111111,0.6152013888888889,9.892333333333331,1016.6692430555556,8.663833333333333,294.0798611111111,0.0,0.3305208333333333,Clear,12,13,Tuesday,0,4,Winter,0,6.688341158563481
2016-12-14,928.444233522,30.033333333333335,0.8476805555555557,6.9163402777777785,1008.9918402777778,4.069569444444444,173.47708333333333,0.009844375,0.4172083333333333,Clear,12,14,Wednesday,0,4,Winter,0,6.834586809150788
2016-12-15,1157.175788108,33.36604444444444,0.7233703703703703,9.068037037037035,1001.7580370370372,11.280274074074075,245.82444444444445,0.0018301481481481,0.1464740740740741,Clear,12,15,Thursday,0,4,Winter,0,7.054601449814073
